# W# benchmark baseline, criterion 8.3 of RELEASE-CRITERIA-1.0.md
# harness   tests/harness/bench.sh --record --repeats 5
# commit    5cac0de5660afd571b2fb1c2b3e029547952d850
# compiler  built from dd88c107066147518dd0e2813a833a73b5d31076
# profile   release
# triple    x86_64-unknown-linux-gnu
# platform  Linux x86_64 / ldd (Ubuntu GLIBC 2.39-0ubuntu8.7) 2.39; 4 cores
# load      3.88 3.32 3.25 at the start, 2.96 3.22 3.23 at the end
# mode      run_ms: wsharp build, then the program; jit_ms: wsharp run, compile included
# samples   5 per case per mode, all kept; the ms columns are their medians
# re-run    tests/harness/bench.sh --record --repeats 5
case	run_ms	jit_ms	run_samples	jit_samples
abstract_convert	47	47	60,51,43,46,47	56,47,52,47,47
abstract_convert_widths	6	10	6,6,7,6,7	10,10,11,12,10
arithmetic	6	10	7,7,6,6,6	8,10,8,12,14
array_ops	43	58	42,43,43,42,45	58,82,60,57,57
arrays	45	50	43,45,42,45,50	50,48,65,53,47
assert_passes	7	9	7,7,12,6,6	10,9,9,10,8
bignum_ops	49	76	43,59,58,49,46	76,76,84,106,75
bits_f64	44	59	45,43,44,43,45	50,55,67,59,60
bits_rotate	7	11	7,7,8,8,7	7,11,15,11,12
bitwise	7	9	7,6,6,7,7	9,9,8,10,11
broker	45	60	44,44,45,52,53	69,73,60,54,51
broker_workers	92	91	78,92,81,96,116	104,116,91,86,90
bytes_buf	44	70	43,43,44,50,46	69,70,65,75,75
bytes_ops	47	65	68,46,47,45,60	85,65,61,65,62
bytes_region_panics	48	52	47,48,47,48,51	70,69,52,49,50
capture_vs_bitor	7	10	6,6,7,7,7	9,9,10,10,10
catch_block	8	11	9,8,8,7,8	11,11,13,11,11
chacha_quarter	48	49	48,48,49,48,44	47,49,49,48,62
cipher_aes	47	72	49,47,46,49,45	72,72,71,72,71
cipher_chacha	48	73	44,48,49,50,46	73,76,85,69,72
cipher_gcm	46	90	52,48,46,46,46	78,90,115,94,90
cipher_poly1305	46	105	49,46,45,46,52	108,84,91,105,105
closures	46	50	46,54,46,45,52	50,45,48,53,56
closures_generic	47	53	47,43,49,45,58	64,55,50,51,53
closures_recursive	47	62	47,45,46,61,57	59,62,64,65,49
coerce_chain	45	48	43,48,45,45,47	48,50,48,48,53
comparisons	6	10	7,6,7,6,6	13,10,10,9,8
const_array	6	11	7,6,6,6,7	10,11,11,11,10
const_array_alias	44	51	45,44,44,44,44	48,53,51,53,49
crypto_random	50	57	50,46,45,63,52	70,60,53,57,56
curve25519_reject	88	116	99,88,78,78,89	158,121,116,116,114
curve25519_x25519	4074	4426	3971,4055,4351,4074,4557	4662,4521,4235,4426,4333
der_parse	45	68	44,47,46,44,45	91,68,67,68,74
der_reject	44	68	42,47,44,44,41	64,68,64,82,75
dispatch	7	268	7,6,6,10,7	268,288,281,264,258
dispatch_dynamic	7	286	7,7,7,9,8	283,307,257,303,286
dispatch_scalar	7	274	8,7,6,7,6	301,344,274,264,258
ed25519	308	366	296,316,301,347,308	375,354,410,366,351
ed25519_reject	140	209	138,137,140,141,143	216,208,209,199,218
eq_cycle_bounded	47	50	56,44,47,43,53	57,69,50,50,49
error_sets	45	51	56,45,52,44,45	51,53,55,50,50
error_void	7	9	7,7,8,8,7	9,9,10,8,9
errors	7	11	7,7,8,7,8	11,12,11,11,9
exit_code	6	9	7,6,6,6,6	8,16,9,8,10
exit_code_wraps	7	9	7,7,7,7,6	14,9,10,9,8
ffi_buffer_bounds	46	49	49,58,44,44,46	49,48,49,49,49
ffi_buffers	45	51	44,45,45,44,45	64,51,48,56,49
float_literals	7	9	8,7,6,7,6	9,10,10,9,9
floats	44	46	43,45,52,43,44	48,47,46,45,45
floats_rem	6	10	7,5,6,6,6	9,8,10,10,10
for_list	43	55	74,48,43,43,43	51,67,51,65,55
for_list_structs	44	52	44,44,42,42,45	53,52,51,51,52
for_loop	46	55	41,46,43,56,70	55,79,61,47,50
fs_chmod	44	66	44,44,43,44,43	66,66,95,68,66
fs_modified	50	76	50,66,54,48,47	74,77,67,76,92
fs_ops	46	90	59,47,45,46,44	71,69,92,91,90
gc_aliased_cursor	104	98	104,119,105,88,97	100,98,97,96,103
gc_aliased_roots	49	57	48,51,47,49,51	54,57,57,55,58
gc_array_reclaims	49	52	50,49,51,45,49	52,51,57,49,60
gc_array_trace	49	53	49,49,47,57,47	57,53,56,49,51
gc_auto_trace	58	77	65,72,58,57,56	79,77,70,68,79
gc_barrier	43	47	46,42,43,44,43	47,46,48,46,47
gc_barrier_concurrent	50	53	52,52,50,49,48	51,56,53,53,52
gc_bytes	54	55	48,55,54,52,61	57,55,54,55,54
gc_closure_generic	52	55	50,52,53,58,47	67,50,53,55,59
gc_compound_index	43	50	43,44,43,43,44	50,53,49,50,54
gc_concurrent	65	70	66,65,62,63,72	70,68,65,87,80
gc_cycle	54	52	53,54,56,56,53	52,59,52,49,54
gc_evacuation_lists	192	197	208,189,192,204,191	197,198,194,219,195
gc_function_value	53	53	55,54,49,48,53	56,61,52,49,53
gc_generic_struct	52	61	48,51,53,58,52	61,75,54,65,54
gc_list	61	57	70,63,61,50,48	57,57,58,58,52
gc_many_workers	186	202	201,196,183,170,186	211,196,200,207,202
gc_map_replacement	972	1032	972,942,1028,1006,960	1036,1004,989,1059,1032
gc_moving	51	52	47,56,49,55,51	50,51,52,56,58
gc_pause_samples	49	53	63,56,47,49,46	53,50,57,49,62
gc_poll_trace_finish	46	56	47,50,46,45,44	58,50,56,56,49
gc_reclaims	50	50	53,50,61,42,43	45,70,50,49,59
gc_recycled_blocks	43	49	42,42,43,43,43	45,45,51,49,60
gc_roots	53	47	53,52,58,50,54	47,46,47,66,51
gc_static_refs	50	50	51,47,50,50,50	49,50,50,54,80
gc_string_concat	46	55	46,46,44,47,48	55,64,55,49,50
gc_struct_eq	44	47	44,45,44,50,44	47,51,47,45,46
gc_struct_eq_nan	42	46	54,43,41,42,40	46,46,46,53,53
gc_trace_keeps_counts	45	62	45,45,42,43,51	64,62,62,52,50
gc_transfer	53	54	53,51,54,53,43	53,54,49,99,95
generic_recursion	58	55	62,56,58,58,58	84,64,52,55,50
generic_struct	57	50	49,46,57,74,74	50,50,50,57,60
generics	6	9	6,6,6,7,6	9,9,8,9,8
generics_explicit	47	46	47,55,47,48,46	46,45,53,46,45
git_protocol	48	435	47,48,48,46,50	425,435,426,450,449
hash_hkdf	43	76	62,45,43,43,43	76,88,70,70,92
hash_hmac	43	76	59,51,43,42,43	76,73,73,77,80
hash_sha2	65	99	68,65,65,60,59	99,89,89,101,99
http	46	535	47,45,52,44,46	544,535,554,518,517
http_chunked	47	557	46,44,48,47,47	591,578,557,516,515
http_progress	44	497	43,44,44,48,57	497,496,503,500,496
https_loopback	156	664	154,164,159,156,151	655,665,664,643,715
if_both_branches_return	7	9	9,7,7,6,6	10,9,8,9,10
if_expression	7	8	6,7,11,7,6	9,8,8,8,8
index_widths	43	51	54,41,43,43,44	50,52,51,58,50
inference	6	8	6,6,5,6,5	11,9,7,8,8
inflate	47	97	47,46,43,49,53	94,102,97,86,98
ingot_fetch	49	518	49,63,50,48,47	587,557,494,510,518
ingot_manifest	43	178	50,43,45,43,43	171,183,178,190,173
ingot_registry	46	929	46,45,45,46,50	929,892,994,859,991
ingot_resolution	46	153	46,44,45,51,57	147,153,158,156,151
ingot_store	49	113	56,60,49,49,48	104,108,129,158,113
int_convert	7	10	8,7,6,7,8	11,10,11,9,9
ints_literals	7	10	7,7,7,8,8	11,10,10,8,8
ints_packed	43	49	44,43,43,44,43	47,45,49,51,61
ints_sized	7	8	7,6,7,7,6	10,8,11,8,8
io	44	62	44,47,44,47,44	61,62,63,59,63
json_objects	47	101	44,51,50,47,43	101,103,129,99,100
json_reject	49	89	46,51,49,60,49	105,125,88,89,89
json_values	53	106	46,44,53,62,60	98,99,110,110,106
json_write	48	101	55,45,49,48,45	102,101,98,98,102
list	46	65	47,45,46,42,50	61,71,66,65,64
local_string_array	44	49	44,45,44,43,52	54,59,49,49,47
loops	8	9	8,8,8,7,8	10,10,9,9,9
map	45	59	43,45,45,43,45	60,59,59,70,58
map_growth	49	67	46,46,62,59,49	72,66,67,65,68
math	6	10	6,6,7,6,7	10,9,9,10,10
math_signed	6	9	6,6,7,6,7	10,10,9,9,9
module_import	44	287	48,44,52,44,43	298,287,285,283,298
module_reexport	42	50	46,42,41,41,42	50,47,51,57,46
module_shadowing	6	254	7,6,6,6,7	269,254,253,298,247
module_visibility	42	47	43,42,41,42,42	47,45,44,75,59
mutual_recursion	6	10	6,6,6,6,8	10,11,10,10,9
narrow_worker	57	58	55,64,60,55,57	50,50,58,66,58
nested_assign	45	56	45,44,43,48,45	50,56,51,70,57
net_bytes	43	76	42,45,43,43,47	76,89,62,63,86
net_gc	45	55	47,45,47,45,45	56,55,55,56,54
net_nonblocking	46	51	43,51,43,46,50	59,49,49,53,51
net_poller	44	55	44,45,44,44,44	55,55,60,55,54
net_refused	44	50	46,42,41,44,48	53,48,49,52,50
net_shutdown	43	54	44,43,44,43,43	50,54,72,63,51
net_tcp	46	51	44,47,46,46,43	51,52,51,55,50
net_udp	46	54	48,49,46,44,44	51,55,54,52,56
null_array_is_empty	45	51	44,45,43,47,46	52,49,49,51,51
optionals	6	8	6,6,5,6,6	8,8,8,8,8
os_args	45	60	46,45,42,46,43	60,58,68,59,61
os_exit	6	13	6,6,6,5,6	13,13,13,14,13
os_process	44	68	43,44,44,43,44	70,71,67,68,67
overload_alias	6	8	7,6,6,6,7	11,10,8,7,8
overload_value	42	46	44,41,41,42,42	45,44,46,46,56
p256_ecdh	118	176	118,114,109,119,133	176,173,174,179,178
p256_ecdsa	135	278	135,127,123,166,158	350,278,328,246,262
p256_ecdsa_reject	78	194	86,82,78,78,77	189,204,200,194,179
p256_reject	60	129	60,60,63,60,60	133,127,126,142,129
p384_ecdsa	377	507	377,413,369,379,368	561,477,490,507,508
packfile	48	119	48,47,63,47,49	124,119,116,114,169
panic_assert	6	8	6,5,6,6,6	8,7,8,8,7
panic_div_overflow	6	9	6,6,6,7,6	9,9,8,9,8
panic_div_overflow_i32	6	8	6,6,6,6,6	8,9,7,8,8
panic_div_zero	7	8	7,7,9,7,7	9,9,8,8,8
panic_div_zero_unsigned	6	8	6,6,7,8,6	8,8,8,8,8
panic_index_negative	47	50	48,47,50,45,43	49,51,50,50,46
panic_index_null_array	46	47	49,44,46,46,42	51,51,46,45,47
panic_index_out_of_bounds	45	47	43,46,48,45,45	47,49,45,48,47
panic_list_index	43	47	44,42,46,43,42	53,46,59,46,47
panic_null_closure	47	49	48,47,52,45,46	50,54,49,47,49
panic_null_dispatch	45	52	45,44,46,46,45	58,63,52,49,48
panic_null_field	45	46	42,55,45,45,44	46,45,45,46,46
panic_rem_zero	6	8	6,6,6,6,6	7,8,8,8,10
panic_stack_overflow	49	53	49,49,48,48,50	63,49,49,63,53
panic_unwrap_null	8	9	8,7,7,8,17	10,9,10,9,8
panic_worker_null	50	63	50,63,49,55,50	51,65,67,63,60
panic_worker_stack_overflow	53	56	53,52,52,53,58	56,63,50,61,48
parent_path	44	47	44,59,44,44,43	46,46,47,50,50
path_ops	44	57	46,41,41,46,44	56,63,66,55,57
print	43	48	44,42,43,53,41	46,48,52,46,53
process_invalid	44	69	44,44,45,44,47	64,81,77,69,58
pubgrub_reporting	53	142	54,62,53,46,46	142,142,184,153,140
pubgrub_solving	49	142	49,48,49,47,54	167,165,141,142,138
recursion	6	9	7,6,6,6,7	8,9,12,10,8
reexport_merge	42	45	51,42,42,41,43	44,45,45,45,46
reraise	44	49	44,44,43,46,44	51,49,49,48,48
rsa_pkcs1	68	119	66,68,66,68,68	119,155,118,114,154
rsa_pss	70	127	68,66,104,78,70	127,151,131,117,116
semver	43	84	43,43,43,42,45	84,85,84,91,84
sha1	55	73	55,60,53,64,54	78,72,73,73,72
shift_signedness	6	10	6,6,6,7,7	11,8,11,10,8
short_circuit	7	11	7,7,7,8,8	11,11,10,11,11
str_bytes	47	47	46,45,66,54,47	46,46,47,49,54
str_case	43	49	48,45,42,43,42	49,45,45,62,53
str_join	53	63	51,51,53,54,68	63,64,58,58,82
strings	6	8	7,6,6,7,6	8,8,8,9,9
strings_ops	44	49	44,41,44,43,44	49,48,49,49,48
struct_eq	44	49	49,44,44,49,44	57,49,48,48,50
structs	45	53	45,45,46,43,44	49,53,46,60,54
subtype_fields	43	46	41,43,53,58,43	48,46,45,46,48
tail_call_error_set_try	6	9	5,7,6,6,6	9,13,8,12,9
time_monotonic	20	21	19,18,22,20,24	21,21,20,21,20
time_monotonic_origin	157	160	157,158,157,157,158	161,160,160,160,159
tls_ecdsa	61	511	58,61,62,61,64	511,503,519,527,490
tls_loopback	590	1075	571,627,669,590,583	1034,1074,1075,1085,1104
tls_reject	203	650	200,209,202,203,218	690,732,650,645,636
tls_rfc8448	51	492	51,51,72,68,51	484,517,487,492,537
tls_schedule	46	290	45,44,46,52,54	268,290,291,289,302
tls_socket	131	597	129,138,131,122,131	590,587,597,705,633
toml_depth	59	112	53,59,62,48,60	121,112,112,111,110
toml_tables	45	111	47,49,44,44,45	115,115,111,109,110
toml_values	43	111	43,43,41,46,42	110,112,111,111,114
unsigned_compare	7	10	7,8,7,6,8	10,9,11,12,8
void_main	6	8	6,6,6,6,7	8,8,8,8,8
while_capture	6	9	8,6,6,6,7	9,9,9,9,9
wide_return	44	51	44,43,44,46,58	52,53,51,49,49
worker_blocking_init	92	109	83,92,90,107,97	114,124,109,103,95
worker_daemon_exit	7	9	7,7,7,7,7	9,10,9,9,9
worker_heaps	93	94	101,87,92,101,93	94,90,96,95,93
worker_rpc	125	122	134,125,132,113,116	114,122,137,122,127
x509_p521	44	158	46,43,43,44,44	159,153,164,158,152
x509_parse	126	354	136,138,126,117,117	354,334,363,461,352
x509_reject	156	345	150,174,165,156,147	367,437,345,335,339
x509_roots	1132	1317	1230,1132,1096,1126,1227	1304,1284,1371,1317,1418
